Page URL,Errors,Discovered
https://totalcarerestoration.com/air-quality-testing-after-fire-damage/,Low readability,08 Dec 2025 (16:35 UTC)
https://totalcarerestoration.com/best-temporary-power-providers-for-restoration/,Poor heading hierarchy,08 Dec 2025 (16:35 UTC)
https://totalcarerestoration.com/best-temporary-power-providers-for-restoration/,Low readability,08 Dec 2025 (16:35 UTC)
https://totalcarerestoration.com/broward-county-restoration-services/,Low readability,08 Dec 2025 (16:35 UTC)
https://totalcarerestoration.com/common-air-quality-issues-after-fire-cleanup/,Poor heading hierarchy,08 Dec 2025 (16:35 UTC)
https://totalcarerestoration.com/dehumidifiers-vs-air-movers-what-to-use-after-floods/,Poor heading hierarchy,08 Dec 2025 (16:35 UTC)
https://totalcarerestoration.com/exploring-advanced-venting-solutions-for-plumbing-drains-what-you-need-to-know/,Low readability,08 Dec 2025 (16:35 UTC)
https://totalcarerestoration.com/fire-damage-inspection-standards-explained/,Low readability,08 Dec 2025 (16:35 UTC)
https://totalcarerestoration.com/hepa-filters-vs-uv-systems-for-pathogen-control/,Poor heading hierarchy,08 Dec 2025 (16:35 UTC)
https://totalcarerestoration.com/how-long-does-property-restoration-take/,Poor heading hierarchy,08 Dec 2025 (16:35 UTC)
https://totalcarerestoration.com/how-professionals-assess-smoke-odor-in-properties/,Low readability,08 Dec 2025 (16:35 UTC)
https://totalcarerestoration.com/innovations-in-dehumidification-for-faster-drying/,Low readability,08 Dec 2025 (16:35 UTC)
https://totalcarerestoration.com/mold-in-commercial-spaces-causes-and-solutions/,Poor heading hierarchy,08 Dec 2025 (16:35 UTC)
https://totalcarerestoration.com/ozone-air-treatment-for-mold-and-pathogens/,Poor heading hierarchy,08 Dec 2025 (16:35 UTC)
https://totalcarerestoration.com/real-time-data-in-water-damage-restoration/,Low readability,08 Dec 2025 (16:35 UTC)
https://totalcarerestoration.com/the-fastest-way-to-handle-emergency-water-removal-in-your-home/,Low readability,08 Dec 2025 (16:35 UTC)
https://totalcarerestoration.com/top-5-soot-cleaning-services/,Low readability,08 Dec 2025 (16:35 UTC)
https://totalcarerestoration.com/top-7-eco-friendly-water-damage-restoration-methods/,Low readability,08 Dec 2025 (16:35 UTC)
https://totalcarerestoration.com/top-7-fire-odor-neutralization-techniques/,Poor heading hierarchy,08 Dec 2025 (16:35 UTC)
