Page URL,Discovered
https://totalcarerestoration.com/5-types-of-moisture-meters-for-water-damage/,06 Dec 2025 (18:14 UTC)
https://totalcarerestoration.com/5-ventilation-tips-to-prevent-mold-growth/,06 Dec 2025 (18:14 UTC)
https://totalcarerestoration.com/best-temporary-power-providers-for-restoration/,06 Dec 2025 (18:14 UTC)
https://totalcarerestoration.com/checklist-for-using-air-scrubbers-after-disasters/,06 Dec 2025 (18:14 UTC)
https://totalcarerestoration.com/coral-springs-restoration-services/,08 Dec 2025 (16:35 UTC)
https://totalcarerestoration.com/deerfield-beach-restoration-services/,08 Dec 2025 (16:35 UTC)
https://totalcarerestoration.com/do-ozone-generators-work-for-fire-damage-odors/,06 Dec 2025 (18:14 UTC)
https://totalcarerestoration.com/drying-mats-essential-restoration/,08 Dec 2025 (16:35 UTC)
https://totalcarerestoration.com/effective-strategies-for-handling-toilet-overflow-and-preventing-future-incidents/,08 Dec 2025 (16:35 UTC)
https://totalcarerestoration.com/effective-strategies-for-removing-mold-from-wood-a-comprehensive-guide/,08 Dec 2025 (16:35 UTC)
https://totalcarerestoration.com/financing/,06 Dec 2025 (18:14 UTC)
https://totalcarerestoration.com/fire-damage-repair-estimator/,08 Dec 2025 (14:39 UTC)
https://totalcarerestoration.com/flood-damage-recovery-planner/,06 Dec 2025 (18:14 UTC)
https://totalcarerestoration.com/how-roof-maintenance-prevents-storm-damage/,06 Dec 2025 (18:14 UTC)
https://totalcarerestoration.com/how-thermal-fogging-restores-indoor-air-quality/,06 Dec 2025 (18:14 UTC)
https://totalcarerestoration.com/parkland-restoration-services/,08 Dec 2025 (16:35 UTC)
https://totalcarerestoration.com/post-fire-concrete-repairs-moisture-effects/,06 Dec 2025 (18:14 UTC)
https://totalcarerestoration.com/property-restoration-checklist-generator/,06 Dec 2025 (18:14 UTC)
https://totalcarerestoration.com/protect-your-furniture-and-floors-from-floridas-damp-days/,08 Dec 2025 (14:02 UTC)
https://totalcarerestoration.com/safe-disposal-of-fire-damaged-materials/,06 Dec 2025 (18:14 UTC)
https://totalcarerestoration.com/steps-after-insurance-claim-denial/,06 Dec 2025 (18:14 UTC)
https://totalcarerestoration.com/the-2025-miami-flood-we-thought-about/,06 Dec 2025 (18:14 UTC)
https://totalcarerestoration.com/top-5-soot-cleaning-services/,06 Dec 2025 (18:34 UTC)
https://totalcarerestoration.com/top-7-eco-friendly-water-damage-restoration-methods/,06 Dec 2025 (18:34 UTC)
https://totalcarerestoration.com/what-is-a-post-restoration-verification-report/,06 Dec 2025 (18:14 UTC)
