Page URL,Link URL,Discovered
https://totalcarerestoration.com/5-steps-for-emergency-mold-mitigation/,https://en.wikipedia.org/wiki/N95_respirator,06 Dec 2025 (18:14 UTC)
https://totalcarerestoration.com/5-steps-for-mold-decontamination/,https://www.hcd.ca.gov/building-standards-hcd,06 Dec 2025 (18:14 UTC)
https://totalcarerestoration.com/5-steps-for-mold-decontamination/,https://www.epa.gov/home,06 Dec 2025 (18:14 UTC)
https://totalcarerestoration.com/5-types-of-moisture-meters-for-water-damage/,https://www.flir.com/products/mo265?vertical=condition+monitoring&segment=solutions&srsltid=AfmBOoqGi6k8ffF8p5faHvvx5jn80DsRBetzV6bzFJYkUSWbGN4zpD2p,06 Dec 2025 (18:14 UTC)
https://totalcarerestoration.com/7-steps-to-clean-smoke-damaged-items/,https://www.bbb.org/,06 Dec 2025 (18:14 UTC)
https://totalcarerestoration.com/7-steps-to-clean-smoke-damaged-items/,https://iicrc.org/,06 Dec 2025 (18:14 UTC)
https://totalcarerestoration.com/7-steps-to-clean-smoke-damaged-items/,https://www.facebook.com/puroclean/,06 Dec 2025 (18:14 UTC)
https://totalcarerestoration.com/7-steps-to-clean-smoke-damaged-items/,https://benefect.com/ca/products/atomic-degreaser/,06 Dec 2025 (18:14 UTC)
https://totalcarerestoration.com/7-steps-to-clean-smoke-damaged-items/,https://www.legendbrands.com/products/unsmoke-degrease-all/,06 Dec 2025 (18:14 UTC)
https://totalcarerestoration.com/air-quality-testing-after-fire-damage/,https://www.partneresi.com/services/environmental-consulting/,06 Dec 2025 (18:14 UTC)
https://totalcarerestoration.com/air-quality-testing-after-fire-damage/,https://www.acac.org/,06 Dec 2025 (18:14 UTC)
https://totalcarerestoration.com/air-quality-testing-after-fire-damage/,https://www.epa.gov/home,06 Dec 2025 (18:14 UTC)
https://totalcarerestoration.com/air-quality-testing-after-fire-damage/,http://www.osha.gov/,06 Dec 2025 (18:14 UTC)
https://totalcarerestoration.com/air-quality-testing-after-fire-damage/,https://www.cdc.gov/niosh/index.html,06 Dec 2025 (18:14 UTC)
https://totalcarerestoration.com/best-temporary-power-providers-for-restoration/,https://www.osha.gov/,06 Dec 2025 (18:14 UTC)
https://totalcarerestoration.com/best-temporary-power-providers-for-restoration/,https://safeelectricity.org/ground-fault-circuit-interrupters-gfcis/,06 Dec 2025 (18:14 UTC)
https://totalcarerestoration.com/cast-iron-pipes/,https://plumbinginmiamifl.com/services/cast-iron-pipe-replacement/,06 Dec 2025 (18:14 UTC)
https://totalcarerestoration.com/checklist-for-using-air-scrubbers-after-disasters/,https://en.wikipedia.org/wiki/HEPA,06 Dec 2025 (18:14 UTC)
https://totalcarerestoration.com/checklist-for-using-air-scrubbers-after-disasters/,https://www.dupont.com/personal-protection/tyvek-industrial-ppe.html,06 Dec 2025 (18:14 UTC)
https://totalcarerestoration.com/checklist-for-using-air-scrubbers-after-disasters/,https://uscleaningtools.com,06 Dec 2025 (18:14 UTC)
https://totalcarerestoration.com/checklist-for-using-air-scrubbers-after-disasters/,https://en.wikipedia.org/wiki/HEPA,06 Dec 2025 (18:14 UTC)
https://totalcarerestoration.com/choose-right-ppe-property-restoration/,https://www.astm.org/,06 Dec 2025 (18:14 UTC)
https://totalcarerestoration.com/choose-right-ppe-property-restoration/,https://www.timberland.com/en-us/timberlandpro,06 Dec 2025 (18:14 UTC)
https://totalcarerestoration.com/choose-right-ppe-property-restoration/,https://www.dupont.com/what-is-tyvek.html,06 Dec 2025 (18:14 UTC)
https://totalcarerestoration.com/choose-right-ppe-property-restoration/,https://www.3m.com/,06 Dec 2025 (18:14 UTC)
https://totalcarerestoration.com/choose-right-ppe-property-restoration/,https://www.cdc.gov/niosh/index.html,06 Dec 2025 (18:14 UTC)
https://totalcarerestoration.com/choose-right-ppe-property-restoration/,http://www.osha.gov/,06 Dec 2025 (18:14 UTC)
https://totalcarerestoration.com/choose-right-ppe-property-restoration/,https://www.wolverine.com/US/en/home,06 Dec 2025 (18:14 UTC)
https://totalcarerestoration.com/common-air-quality-issues-after-fire-cleanup/,https://austinair.com/shop/healthmate/?srsltid=AfmBOopkC_ilXEwPngvDTft5SM3OhP2KvnpC2dkBEGAdLxeCXu1-VKGL,06 Dec 2025 (18:14 UTC)
https://totalcarerestoration.com/common-air-quality-issues-after-fire-cleanup/,https://www.iqair.com/us/products/air-purifiers/healthpro-plus?srsltid=AfmBOorGzkkE5wb2GLdDeGok4GaV53nK-rNDNZKKT0MaEzrPRa70uWV9,06 Dec 2025 (18:14 UTC)
https://totalcarerestoration.com/common-air-quality-issues-after-fire-cleanup/,https://levoit.com/products/core-400s-smart-true-hepa-air-purifier?srsltid=AfmBOori2JrrPpNk1ejPFrZMShvOMU2c5Ut4E7nUmo7eQECsloK6sMUg,06 Dec 2025 (18:14 UTC)
https://totalcarerestoration.com/common-air-quality-issues-after-fire-cleanup/,https://www.smarterhepa.com/products/smart-air-blast-mini,06 Dec 2025 (18:14 UTC)
https://totalcarerestoration.com/common-air-quality-issues-after-fire-cleanup/,https://www.homedepot.com/,06 Dec 2025 (18:14 UTC)
https://totalcarerestoration.com/common-air-quality-issues-after-fire-cleanup/,https://goagi.com/,06 Dec 2025 (18:14 UTC)
https://totalcarerestoration.com/common-fire-damage-reporting-mistakes-to-avoid/,https://aaastandardservices.com/,06 Dec 2025 (18:14 UTC)
https://totalcarerestoration.com/common-fire-damage-reporting-mistakes-to-avoid/,https://iicrc.org/,06 Dec 2025 (18:14 UTC)
https://totalcarerestoration.com/common-fire-damage-reporting-mistakes-to-avoid/,https://www.facebook.com/p/NICAR-Construction-100083203337140/,06 Dec 2025 (18:14 UTC)
https://totalcarerestoration.com/common-fire-damage-reporting-mistakes-to-avoid/,https://www.yelp.com/,06 Dec 2025 (18:14 UTC)
https://totalcarerestoration.com/common-fire-damage-reporting-mistakes-to-avoid/,https://www.bbb.org/,06 Dec 2025 (18:14 UTC)
https://totalcarerestoration.com/deerfield-beach-restoration-services/,https://dash-ngs.net/NextGear/Enterprise/Module/EmailClient/EmailHome.aspx?EmailId=clientcare@totalcarerestoration.com,08 Dec 2025 (16:35 UTC)
https://totalcarerestoration.com/dehumidifiers-vs-air-movers-what-to-use-after-floods/,https://www.floridahealth.gov/,06 Dec 2025 (18:14 UTC)
https://totalcarerestoration.com/dehumidifiers-vs-air-movers-what-to-use-after-floods/,https://www.epa.gov/home,06 Dec 2025 (18:14 UTC)
https://totalcarerestoration.com/dehumidifiers-vs-air-movers-what-to-use-after-floods/,https://www.ashrae.org/,06 Dec 2025 (18:14 UTC)
https://totalcarerestoration.com/dehumidifiers-vs-air-movers-what-to-use-after-floods/,https://goodlifeusvi.com/,06 Dec 2025 (18:14 UTC)
https://totalcarerestoration.com/detecting-underground-water-leaks-signs-causes-and-solutions/,https://totalleakdetection.com,06 Dec 2025 (18:14 UTC)
https://totalcarerestoration.com/detecting-underground-water-leaks-signs-causes-and-solutions/,https://totalleakdetection.com/services/clogged-drains,06 Dec 2025 (18:14 UTC)
https://totalcarerestoration.com/detecting-underground-water-leaks-signs-causes-and-solutions/,https://totalleakdetection.com/what-is-a-post-remediation-verification,06 Dec 2025 (18:14 UTC)
https://totalcarerestoration.com/detecting-underground-water-leaks-signs-causes-and-solutions/,https://totalleakdetection.com/eliminating-air-pockets-effective-solutions-for-air-in-water-pipes,06 Dec 2025 (18:14 UTC)
https://totalcarerestoration.com/do-ozone-generators-work-for-fire-damage-odors/,https://www.ccohs.ca/,06 Dec 2025 (18:14 UTC)
https://totalcarerestoration.com/do-ozone-generators-work-for-fire-damage-odors/,https://www.cdc.gov/niosh/index.html,06 Dec 2025 (18:14 UTC)
https://totalcarerestoration.com/do-ozone-generators-work-for-fire-damage-odors/,https://www.osha.gov/,06 Dec 2025 (18:14 UTC)
https://totalcarerestoration.com/do-ozone-generators-work-for-fire-damage-odors/,https://www.fda.gov/,06 Dec 2025 (18:14 UTC)
https://totalcarerestoration.com/do-ozone-generators-work-for-fire-damage-odors/,https://ww2.arb.ca.gov/homepage,06 Dec 2025 (18:14 UTC)
https://totalcarerestoration.com/do-ozone-generators-work-for-fire-damage-odors/,https://www.epa.gov/home,06 Dec 2025 (18:14 UTC)
https://totalcarerestoration.com/do-ozone-generators-work-for-fire-damage-odors/,https://www.gwsavage.com/,06 Dec 2025 (18:14 UTC)
https://totalcarerestoration.com/drying-mats-essential-restoration/,https://elephantfloors.shop,06 Dec 2025 (18:14 UTC)
https://totalcarerestoration.com/drying-mats-essential-restoration/,https://www.injectidry.com/,06 Dec 2025 (18:14 UTC)
https://totalcarerestoration.com/fire-damage-inspection-standards-explained/,https://iicrc.org/,06 Dec 2025 (18:14 UTC)
https://totalcarerestoration.com/fire-damage-inspection-standards-explained/,https://www.firecashbuyer.com/,06 Dec 2025 (18:14 UTC)
https://totalcarerestoration.com/fire-damage-inspection-standards-explained/,https://lafd.org/,06 Dec 2025 (18:14 UTC)
https://totalcarerestoration.com/fire-damage-inspection-standards-explained/,https://www.iccsafe.org/,06 Dec 2025 (18:14 UTC)
https://totalcarerestoration.com/fire-damage-inspection-standards-explained/,https://iicrc.org/,06 Dec 2025 (18:14 UTC)
https://totalcarerestoration.com/fire-damage-inspection-standards-explained/,https://www.nfpa.org/en,06 Dec 2025 (18:14 UTC)
https://totalcarerestoration.com/fire-damage-inspection-standards-explained/,https://www.nfpa.org/en,06 Dec 2025 (18:14 UTC)
https://totalcarerestoration.com/fire-damage-inspection-steps/,https://extension.okstate.edu/,06 Dec 2025 (18:14 UTC)
https://totalcarerestoration.com/fire-damage-inspection-steps/,https://www.chemmasterrestoration.com/,06 Dec 2025 (18:14 UTC)
https://totalcarerestoration.com/fire-damage-inspection-steps/,https://www.epa.gov/home,06 Dec 2025 (18:14 UTC)
https://totalcarerestoration.com/fire-damage-inspection-steps/,https://www.nfpa.org/en,06 Dec 2025 (18:14 UTC)
https://totalcarerestoration.com/fire-damage-inspection-steps/,https://recovery.lacounty.gov/,06 Dec 2025 (18:14 UTC)
https://totalcarerestoration.com/fire-damage-restoration-guide/,http://www.conservation-us.org/docs/default-source/periodicals/2010-09-sept-aicnews.pdf?sfvrsn=6,06 Dec 2025 (18:14 UTC)
https://totalcarerestoration.com/fire-damage-restoration-guide/,https://www.travelers.com/resources/home/fire-safety/how-to-prevent-house-fires,06 Dec 2025 (18:14 UTC)
https://totalcarerestoration.com/fire-damage-restoration-guide/,https://www.nfpa.org/,06 Dec 2025 (18:14 UTC)
https://totalcarerestoration.com/fire-damaged-structures-material-standards-explained/,https://www.nfpa.org/codes-and-standards/nfpa-241-standard-development/241,06 Dec 2025 (18:14 UTC)
https://totalcarerestoration.com/fire-damaged-structures-material-standards-explained/,https://www.intertek.com/building/standards/ul-263/,06 Dec 2025 (18:14 UTC)
https://totalcarerestoration.com/fire-damaged-structures-material-standards-explained/,https://www.astm.org/e0119-20.html,06 Dec 2025 (18:14 UTC)
https://totalcarerestoration.com/fire-damaged-structures-material-standards-explained/,https://www.iccsafe.org/products-and-services/i-codes/2018-i-codes/ibc/,06 Dec 2025 (18:14 UTC)
https://totalcarerestoration.com/fire-damaged-structures-material-standards-explained/,https://www.astm.org/Standards/E84.htm,06 Dec 2025 (18:14 UTC)
https://totalcarerestoration.com/fire-damaged-structures-material-standards-explained/,https://www.iccsafe.org/products-and-services/i-codes/2018-i-codes/ibc/,06 Dec 2025 (18:14 UTC)
https://totalcarerestoration.com/fire-damaged-structures-material-standards-explained/,https://www.intertek.com/building/standards/ul-263/,06 Dec 2025 (18:14 UTC)
https://totalcarerestoration.com/fire-damaged-structures-material-standards-explained/,https://www.astm.org/e0119-20.html,06 Dec 2025 (18:14 UTC)
https://totalcarerestoration.com/health-and-safety/,http://skcustomwp3.local/contact/,06 Dec 2025 (18:14 UTC)
https://totalcarerestoration.com/hepa-filters-vs-uv-systems-for-pathogen-control/,https://www.iso-aire.com/,06 Dec 2025 (18:14 UTC)
https://totalcarerestoration.com/hepa-filters-vs-uv-systems-for-pathogen-control/,https://www.epa.gov/home,06 Dec 2025 (18:14 UTC)
https://totalcarerestoration.com/hepa-filters-vs-uv-systems-for-pathogen-control/,https://www.uv-smart.com/,06 Dec 2025 (18:14 UTC)
https://totalcarerestoration.com/hepa-filters-vs-uv-systems-for-pathogen-control/,https://farlitesolutions.com/,06 Dec 2025 (18:14 UTC)
https://totalcarerestoration.com/hepa-filters-vs-uv-systems-for-pathogen-control/,https://www.sterileair.com.au/,06 Dec 2025 (18:14 UTC)
https://totalcarerestoration.com/how-long-does-property-restoration-take/,https://www.iaqa.org/,06 Dec 2025 (18:14 UTC)
https://totalcarerestoration.com/how-long-does-property-restoration-take/,https://iicrc.org/,06 Dec 2025 (18:14 UTC)
https://totalcarerestoration.com/how-negative-pressure-prevents-mold-spread/,https://www.yelp.com/,06 Dec 2025 (18:14 UTC)
https://totalcarerestoration.com/how-negative-pressure-prevents-mold-spread/,https://iicrc.org/iicrcstandards/,06 Dec 2025 (18:14 UTC)
https://totalcarerestoration.com/how-negative-pressure-prevents-mold-spread/,https://www.epa.gov/home,06 Dec 2025 (18:14 UTC)
https://totalcarerestoration.com/how-professionals-assess-smoke-odor-in-properties/,https://en.wikipedia.org/wiki/HEPA,06 Dec 2025 (18:14 UTC)
https://totalcarerestoration.com/how-roof-maintenance-prevents-storm-damage/,https://www.tulsaprotech.com,06 Dec 2025 (18:14 UTC)
https://totalcarerestoration.com/how-roof-maintenance-prevents-storm-damage/,https://www.shopulstandards.com/ProductDetail.aspx?productId=UL2218,06 Dec 2025 (18:14 UTC)
https://totalcarerestoration.com/how-thermal-fogging-restores-indoor-air-quality/,https://www.epa.gov/indoor-air-quality-iaq/what-hepa-filter,06 Dec 2025 (18:14 UTC)
https://totalcarerestoration.com/how-to-avoid-scams-in-restoration-services/,https://www.bbb.org/,06 Dec 2025 (18:14 UTC)
https://totalcarerestoration.com/how-to-avoid-scams-in-restoration-services/,https://support.google.com/business/answer/3474122?hl=en,06 Dec 2025 (18:14 UTC)
https://totalcarerestoration.com/how-to-avoid-scams-in-restoration-services/,https://www.yelp.com/,06 Dec 2025 (18:14 UTC)
https://totalcarerestoration.com/how-to-avoid-scams-in-restoration-services/,https://iicrc.org/,06 Dec 2025 (18:14 UTC)
https://totalcarerestoration.com/how-to-avoid-scams-in-restoration-services/,http://www.restorationindustry.org/,06 Dec 2025 (18:14 UTC)
https://totalcarerestoration.com/how-to-clean-air-purifier-filters/,https://www.consumerreports.org/cro/a-to-z-index/products/index.htm?srsltid=AfmBOoqjWGnenak4hR5bHqvDkZGJlxU40nHLSrSwdAlkXf_niOUqJ5AS,06 Dec 2025 (18:14 UTC)
https://totalcarerestoration.com/how-to-fill-out-a-standardized-damage-assessment-form/,https://sitemate.com/,06 Dec 2025 (18:14 UTC)
https://totalcarerestoration.com/how-to-handle-mold-water-damage-and-odors/,https://en.wikipedia.org/wiki/United_States_Capitol,06 Dec 2025 (18:14 UTC)
https://totalcarerestoration.com/how-to-handle-mold-water-damage-and-odors/,https://en.wikipedia.org/wiki/Florida,06 Dec 2025 (18:14 UTC)
https://totalcarerestoration.com/how-to-prevent-electrical-fires-at-home/,https://www.cpsc.gov/,06 Dec 2025 (18:14 UTC)
https://totalcarerestoration.com/how-to-prevent-electrical-fires-at-home/,https://www.esfi.org/,06 Dec 2025 (18:14 UTC)
https://totalcarerestoration.com/how-to-prevent-electrical-fires-at-home/,https://www.ul.com/solutions,06 Dec 2025 (18:14 UTC)
https://totalcarerestoration.com/how-to-prevent-electrical-fires-at-home/,https://www.intertek.com/product-certification-marks/etl/,06 Dec 2025 (18:14 UTC)
https://totalcarerestoration.com/how-to-prevent-electrical-fires-at-home/,https://www.nfpa.org/en,06 Dec 2025 (18:14 UTC)
https://totalcarerestoration.com/how-to-prevent-electrical-fires-at-home/,https://www.csagroup.org/?srsltid=AfmBOorUpCr7WD6rUa9klo0R0gN0mt0-g6RyNiMHJrCS0E6is-x98xq,06 Dec 2025 (18:14 UTC)
https://totalcarerestoration.com/how-to-safely-reenter-fire-damaged-properties/,https://www.nfpa.org/,06 Dec 2025 (18:14 UTC)
https://totalcarerestoration.com/how-to-safely-reenter-fire-damaged-properties/,https://iicrc.org/,06 Dec 2025 (18:14 UTC)
https://totalcarerestoration.com/how-to-safely-reenter-fire-damaged-properties/,http://publichealth.lacounty.gov/,06 Dec 2025 (18:14 UTC)
https://totalcarerestoration.com/how-to-stop-smoke-damage-after-a-fire/,https://barkeepersfriend.com/,06 Dec 2025 (18:14 UTC)
https://totalcarerestoration.com/how-to-stop-smoke-damage-after-a-fire/,https://www.webmd.com/allergies/corsi-rosenthal-box,06 Dec 2025 (18:14 UTC)
https://totalcarerestoration.com/how-to-stop-smoke-damage-after-a-fire/,https://iicrc.org/,06 Dec 2025 (18:14 UTC)
https://totalcarerestoration.com/how-to-tarp-a-roof-after-storm-damage/,https://protectpreserveroofing.com/,06 Dec 2025 (18:14 UTC)
https://totalcarerestoration.com/how-to-tarp-a-roof-after-storm-damage/,https://www.roof-crafters.com/,06 Dec 2025 (18:14 UTC)
https://totalcarerestoration.com/how-water-damage-affects-electrical-systems/,https://en.wikipedia.org/wiki/National_Electrical_Code,06 Dec 2025 (18:14 UTC)
https://totalcarerestoration.com/how-water-damage-affects-electrical-systems/,https://www.esfi.org/,06 Dec 2025 (18:14 UTC)
https://totalcarerestoration.com/how-water-damage-affects-electrical-systems/,https://thompsonpowersystems.com/,06 Dec 2025 (18:14 UTC)
https://totalcarerestoration.com/innovations-in-dehumidification-for-faster-drying/,https://www.ashrae.org/,06 Dec 2025 (18:14 UTC)
https://totalcarerestoration.com/innovations-in-dehumidification-for-faster-drying/,https://www.energystar.gov/,06 Dec 2025 (18:14 UTC)
https://totalcarerestoration.com/innovations-in-dehumidification-for-faster-drying/,https://www.cdihvac.com/desiccant-dehumidification-2,06 Dec 2025 (18:14 UTC)
https://totalcarerestoration.com/innovations-in-dehumidification-for-faster-drying/,https://www.epa.gov/home,06 Dec 2025 (18:14 UTC)
https://totalcarerestoration.com/innovations-in-dehumidification-for-faster-drying/,https://www.ashrae.org/,06 Dec 2025 (18:14 UTC)
https://totalcarerestoration.com/ozone-air-treatment-for-mold-and-pathogens/,https://www.osha.gov/,06 Dec 2025 (18:14 UTC)
https://totalcarerestoration.com/ozone-air-treatment-for-mold-and-pathogens/,https://www.epa.gov/home,06 Dec 2025 (18:14 UTC)
https://totalcarerestoration.com/ozone-air-treatment-for-mold-and-pathogens/,https://www.who.int/,06 Dec 2025 (18:14 UTC)
https://totalcarerestoration.com/post-disaster-assessment-for-commercial-properties/,https://www.aia.org/resource-center/safety-assessment-program,06 Dec 2025 (18:14 UTC)
https://totalcarerestoration.com/post-disaster-assessment-for-commercial-properties/,https://www.osha.gov/,06 Dec 2025 (18:14 UTC)
https://totalcarerestoration.com/post-disaster-assessment-for-commercial-properties/,https://en.wikipedia.org/wiki/Incident_Command_System,06 Dec 2025 (18:14 UTC)
https://totalcarerestoration.com/post-disaster-assessment-for-commercial-properties/,https://www.bbb.org/,06 Dec 2025 (18:14 UTC)
https://totalcarerestoration.com/post-disaster-assessment-for-commercial-properties/,https://safetyculture.com/,06 Dec 2025 (18:14 UTC)
https://totalcarerestoration.com/post-disaster-assessment-for-commercial-properties/,https://iicrc.org/,06 Dec 2025 (18:14 UTC)
https://totalcarerestoration.com/real-time-data-in-water-damage-restoration/,https://iicrc.org/s520/,06 Dec 2025 (18:14 UTC)
https://totalcarerestoration.com/real-time-data-in-water-damage-restoration/,https://iicrc.org/s700/,06 Dec 2025 (18:14 UTC)
https://totalcarerestoration.com/safe-disposal-of-fire-damaged-materials/,https://www.nfpa.org/en,06 Dec 2025 (18:14 UTC)
https://totalcarerestoration.com/safe-disposal-of-fire-damaged-materials/,https://www.osha.gov/,06 Dec 2025 (18:14 UTC)
https://totalcarerestoration.com/safe-disposal-of-fire-damaged-materials/,https://www.epa.gov/laws-regulations/summary-resource-conservation-and-recovery-act,06 Dec 2025 (18:14 UTC)
https://totalcarerestoration.com/safe-disposal-of-fire-damaged-materials/,https://www.epa.gov/home,06 Dec 2025 (18:14 UTC)
https://totalcarerestoration.com/smoke-damage-restoration-professional-vs-diy-methods/,https://www.advantaclean.com/,06 Dec 2025 (18:14 UTC)
https://totalcarerestoration.com/tell-mold-behind-walls/,https://totalleakdetection.com/what-is-a-post-remediation-verification/,06 Dec 2025 (17:42 UTC)
https://totalcarerestoration.com/tell-mold-behind-walls/,https://www.aafa.org/mold-allergy/,06 Dec 2025 (17:42 UTC)
https://totalcarerestoration.com/tell-mold-behind-walls/,https://plumbinginmiamifl.com/7-tips-to-prevent-clogged-drains-at-home/,06 Dec 2025 (17:42 UTC)
https://totalcarerestoration.com/tell-mold-behind-walls/,https://molekule.com/blog/11-common-places-check-mold-home/,06 Dec 2025 (17:42 UTC)
https://totalcarerestoration.com/tell-mold-behind-walls/,https://totalleakdetection.com/7-simple-steps-to-do-a-mold-test/,06 Dec 2025 (17:42 UTC)
https://totalcarerestoration.com/tell-mold-behind-walls/,https://totalleakdetection.com/services/mold-testing/,06 Dec 2025 (17:42 UTC)
https://totalcarerestoration.com/the-2025-miami-flood-we-thought-about/,https://www.miamiherald.com/news/local/environment/article213092454.html,06 Dec 2025 (18:14 UTC)
https://totalcarerestoration.com/the-2025-miami-flood-we-thought-about/,https://www.randrmagonline.com/articles/87539-state-of-the-restoration-industry-2017,06 Dec 2025 (18:14 UTC)
https://totalcarerestoration.com/the-2025-miami-flood-we-thought-about/,http://www.miamidade.gov/environment/flood-maps.asp,06 Dec 2025 (18:14 UTC)
https://totalcarerestoration.com/the-2025-miami-flood-we-thought-about/,https://www.redcross.org/get-help/how-to-prepare-for-emergencies/types-of-emergencies/flood.html,06 Dec 2025 (18:14 UTC)
https://totalcarerestoration.com/the-2025-miami-flood-we-thought-about/,https://www.cnet.com/news/which-flood-sensor-should-you-buy/,06 Dec 2025 (18:14 UTC)
https://totalcarerestoration.com/the-2025-miami-flood-we-thought-about/,https://coast.noaa.gov/slr/,06 Dec 2025 (18:14 UTC)
https://totalcarerestoration.com/the-2025-miami-flood-we-thought-about/,https://miami.cbslocal.com/2015/10/14/predictions-put-south-florida-under-water-by-2025/,06 Dec 2025 (18:14 UTC)
https://totalcarerestoration.com/the-2025-miami-flood-we-thought-about/,https://www.nssl.noaa.gov/education/svrwx101/floods/types/,06 Dec 2025 (18:14 UTC)
https://totalcarerestoration.com/the-2025-miami-flood-we-thought-about/,https://www.neefusa.org/nature/land/increases-coastal-flooding,06 Dec 2025 (18:14 UTC)
https://totalcarerestoration.com/the-2025-miami-flood-we-thought-about/,https://www.miamiherald.com/news/local/environment/article219691785.html,06 Dec 2025 (18:14 UTC)
https://totalcarerestoration.com/the-2025-miami-flood-we-thought-about/,http://www.wlrn.org/post/king-tide-gives-south-florida-taste-life-underwater-0,06 Dec 2025 (18:14 UTC)
https://totalcarerestoration.com/top-5-soot-cleaning-services/,https://sootsolutions.com/,06 Dec 2025 (18:14 UTC)
https://totalcarerestoration.com/top-7-eco-friendly-water-damage-restoration-methods/,https://www.usgbc.org/,06 Dec 2025 (18:14 UTC)
https://totalcarerestoration.com/top-7-fire-odor-neutralization-techniques/,https://www.osha.gov/,06 Dec 2025 (18:14 UTC)
https://totalcarerestoration.com/water-damage-dry-out-process/,https://lh4.googleusercontent.com/dRefvTo_Q-Pg-ZwGMK3hrrxSM8FwK60GjVNhFWE8uKVAbku5CUFQAsQXKEAigjHWl9KLzYMQJ_qAbCJAHQNu0OnbTJzb9A7LHPLdNebVnt24B8aHXAn4nP7rWYmxTtCBkxwC-fdG,06 Dec 2025 (18:14 UTC)
https://totalcarerestoration.com/water-damage-restoration-guide/,https://lh3.googleusercontent.com/Uvo2aHdpwmQzqONQ17uInGbXoI4l3yBAWo_D4WLcXjtbfkmipDY-t4p5WHV0YnCH03m_hgz_eHKJEHBnBFVoP0g0iPtTEV4-XgJbWCz56p9J4TP97Y38VN5-UfXwqBZe2WmbF3mA,06 Dec 2025 (18:14 UTC)
https://totalcarerestoration.com/water-damage-restoration-guide/,https://lh3.googleusercontent.com/37tbhfKJz9L-sOVOs-zZpXK2CKAf_7ZySNzA8J1Rhs8E097yPxsnAdNw5kwBGX86OIEl4Mq6dBapcqrGj0YZN4ykt8h9PpP8D4wEIwNNAV6rqJSESbFNHlS8C2X_kjujOrgvb-5P,06 Dec 2025 (18:14 UTC)
https://totalcarerestoration.com/water-damage-restoration-guide/,https://www.iicrc.org/,06 Dec 2025 (18:14 UTC)
https://totalcarerestoration.com/water-damage-restoration-guide/,https://howmuch.net/costs/home-water-damage-repair-restore,06 Dec 2025 (18:14 UTC)
https://totalcarerestoration.com/water-damage-restoration-guide/,https://www.angieslist.com/articles/how-fast-can-water-damage-ruin-home.htm,06 Dec 2025 (18:14 UTC)
https://totalcarerestoration.com/water-damage-restoration-guide/,https://lh6.googleusercontent.com/lJDKJCVu_YSjMjaS96ff9vzlgQmKefZUtM69DSVWEjrGgHZ4pyfLR6qwLyE7rQqLHezU9aJr9cebRk5kQY4eChZzjBHvcqMVk7iExs9MpVoXlsR0CPlES6ZR2dYX9oMVgM4wVDMR,06 Dec 2025 (18:14 UTC)
https://totalcarerestoration.com/water-damage-restoration-guide/,https://lh4.googleusercontent.com/cK975y2VJRGJp4x1WW00D4wtpUOpSpMeAvBs__DlKHBsPmf4Owl9V2CA10TP-XVcb1A_E8XXItbaCf73h743kZziAReenMLEwBeKWBdQaGo5gcMqSiy0dHpPNt6RjjgdRUv_a4vh,06 Dec 2025 (18:14 UTC)
https://totalcarerestoration.com/water-damage-restoration-guide/,https://lh3.googleusercontent.com/Jdx95vN5va9Z06CK0tHhWpB_vcBSV_PmKGNq8_qvi9BNuyv0S_gtOedvqM37OjWJKCyBxgzRNsmsnMBYLLZQdHERgjyd-6ZIVvwPq70EogGQMd-pIr99Ip_zczgqL279KfDc3e04,06 Dec 2025 (18:14 UTC)
https://totalcarerestoration.com/water-damage-restoration-guide/,https://lh6.googleusercontent.com/MHlFbPJy6_lDosCiDc67kLVuMWryn5UyuVjpQq7jQTkit0QHMUBexXN4HE_AfJ1aEBKOFBEiChxsms-onc6syWrNAVy9uaLEO0x1xlhqF8J-DM4khxUiqs9WrplKmOTe2ro_eQ_m,06 Dec 2025 (18:14 UTC)
https://totalcarerestoration.com/water-extraction-drying-guide/,https://www.youtube.com/watch?v=9PkP6_92BxE,06 Dec 2025 (18:14 UTC)
https://totalcarerestoration.com/water-extraction-drying-guide/,https://iicrc.org/,06 Dec 2025 (18:14 UTC)
https://totalcarerestoration.com/water-extraction-drying-guide/,http://www.osha.gov/,06 Dec 2025 (18:14 UTC)
https://totalcarerestoration.com/water-extraction-drying-guide/,https://www.epa.gov/home,06 Dec 2025 (18:14 UTC)
